BBC - Radio 1,http://stream.live.vc.bbcmedia.co.uk/bbc_radio_one
BBC - Radio 2,http://stream.live.vc.bbcmedia.co.uk/bbc_radio_two
BBC - Radio 3,http://stream.live.vc.bbcmedia.co.uk/bbc_radio_three
BBC - Radio 4,http://stream.live.vc.bbcmedia.co.uk/bbc_radio_fourfm
BBC - Radio 4 LW (UK only),http://stream.live.vc.bbcmedia.co.uk/bbc_radio_fourlw
BBC - Radio 4 LW (non-UK),http://stream.live.vc.bbcmedia.co.uk/bbc_radio_fourlw_online_nonuk
BBC - Radio 5 live (UK only),http://stream.live.vc.bbcmedia.co.uk/bbc_radio_five_live
BBC - Radio 5 live (non-UK),http://stream.live.vc.bbcmedia.co.uk/bbc_radio_five_live_online_nonuk
BBC - Radio 6 Music,http://stream.live.vc.bbcmedia.co.uk/bbc_6music
BBC - Radio 1Xtra,http://stream.live.vc.bbcmedia.co.uk/bbc_1xtra
BBC - Radio 4 Extra,http://stream.live.vc.bbcmedia.co.uk/bbc_radio_four_extra
BBC - Radio 5 Live sports extra (UK only),http://stream.live.vc.bbcmedia.co.uk/bbc_radio_five_live_sports_extra
BBC - Radio Asian Network,http://stream.live.vc.bbcmedia.co.uk/bbc_asian_network
BBC - BBC CWR,http://stream.live.vc.bbcmedia.co.uk/bbc_radio_coventry_warwickshire
BBC - BBC Essex,http://stream.live.vc.bbcmedia.co.uk/bbc_radio_essex
BBC - BBC Hereford Worcester,http://stream.live.vc.bbcmedia.co.uk/bbc_radio_hereford_worcester
BBC - Radio Berkshire,http://stream.live.vc.bbcmedia.co.uk/bbc_radio_berkshire
BBC - Radio Bristol,http://stream.live.vc.bbcmedia.co.uk/bbc_radio_bristol
BBC - Radio Cambridge,http://stream.live.vc.bbcmedia.co.uk/bbc_radio_cambridge
BBC - Radio Cornwall,http://stream.live.vc.bbcmedia.co.uk/bbc_radio_cornwall
BBC - Radio Cumbria,http://stream.live.vc.bbcmedia.co.uk/bbc_radio_cumbria
BBC - Radio Cymru,http://stream.live.vc.bbcmedia.co.uk/bbc_radio_cymru
BBC - Radio Cymru 2,http://stream.live.vc.bbcmedia.co.uk/bbc_radio_cymru_2
BBC - Radio Derby,http://stream.live.vc.bbcmedia.co.uk/bbc_radio_derby
BBC - Radio Devon,http://stream.live.vc.bbcmedia.co.uk/bbc_radio_devon
BBC - Radio Foyle,http://stream.live.vc.bbcmedia.co.uk/bbc_radio_foyle
BBC - Radio Gloucestershire,http://stream.live.vc.bbcmedia.co.uk/bbc_radio_gloucestershire
BBC - Radio Guernsey,http://stream.live.vc.bbcmedia.co.uk/bbc_radio_guernsey
BBC - Radio Humberside,http://stream.live.vc.bbcmedia.co.uk/bbc_radio_humberside
BBC - Radio Jersey,http://stream.live.vc.bbcmedia.co.uk/bbc_radio_jersey
BBC - Radio Kent,http://stream.live.vc.bbcmedia.co.uk/bbc_radio_kent
BBC - Radio Lancashire,http://stream.live.vc.bbcmedia.co.uk/bbc_radio_lancashire
BBC - Radio Leeds,http://stream.live.vc.bbcmedia.co.uk/bbc_radio_leeds
BBC - Radio Leicester,http://stream.live.vc.bbcmedia.co.uk/bbc_radio_leicester
BBC - Radio Lincolnshire,http://stream.live.vc.bbcmedia.co.uk/bbc_radio_lincolnshire
BBC - Radio London,http://stream.live.vc.bbcmedia.co.uk/bbc_london
BBC - Radio Manchester,http://stream.live.vc.bbcmedia.co.uk/bbc_radio_manchester
BBC - Radio Merseyside,http://stream.live.vc.bbcmedia.co.uk/bbc_radio_merseyside
BBC - Radio nan Gaidheal,http://stream.live.vc.bbcmedia.co.uk/bbc_radio_nan_gaidheal
BBC - Radio Newcastle,http://stream.live.vc.bbcmedia.co.uk/bbc_radio_newcastle
BBC - Radio Norfolk,http://stream.live.vc.bbcmedia.co.uk/bbc_radio_norfolk
BBC - Radio Northampton,http://stream.live.vc.bbcmedia.co.uk/bbc_radio_northampton
BBC - Radio Nottingham,http://stream.live.vc.bbcmedia.co.uk/bbc_radio_nottingham
BBC - Radio Orkney,http://stream.live.vc.bbcmedia.co.uk/bbc_radio_orkney
BBC - Radio Oxford,http://stream.live.vc.bbcmedia.co.uk/bbc_radio_oxford
BBC - Radio Scotland FM,http://stream.live.vc.bbcmedia.co.uk/bbc_radio_scotland_fm
BBC - Radio Scotland MW,http://stream.live.vc.bbcmedia.co.uk/bbc_radio_scotland_mw
BBC - Radio Sheffield,http://stream.live.vc.bbcmedia.co.uk/bbc_radio_sheffield
BBC - Radio Shropshire,http://stream.live.vc.bbcmedia.co.uk/bbc_radio_shropshire
BBC - Radio Solent,http://stream.live.vc.bbcmedia.co.uk/bbc_radio_solent
BBC - Radio Solent West Dorset,http://stream.live.vc.bbcmedia.co.uk/bbc_radio_solent_west_dorset
BBC - Radio Somerset Sound,http://stream.live.vc.bbcmedia.co.uk/bbc_radio_somerset_sound
BBC - Radio Stoke,http://stream.live.vc.bbcmedia.co.uk/bbc_radio_stoke
BBC - Radio Suffolk,http://stream.live.vc.bbcmedia.co.uk/bbc_radio_suffolk
BBC - Radio Surrey,http://stream.live.vc.bbcmedia.co.uk/bbc_radio_surrey
BBC - Radio Sussex,http://stream.live.vc.bbcmedia.co.uk/bbc_radio_sussex
BBC - Radio Tees,http://stream.live.vc.bbcmedia.co.uk/bbc_tees
BBC - Radio Ulster,http://stream.live.vc.bbcmedia.co.uk/bbc_radio_ulster
BBC - Radio Wales,http://stream.live.vc.bbcmedia.co.uk/bbc_radio_wales_fm
BBC - Radio Wiltshire,http://stream.live.vc.bbcmedia.co.uk/bbc_radio_wiltshire
BBC - Radio WM,http://stream.live.vc.bbcmedia.co.uk/bbc_wm
BBC - Radio York,http://stream.live.vc.bbcmedia.co.uk/bbc_radio_york
BBC - Three Counties Radio,http://stream.live.vc.bbcmedia.co.uk/bbc_three_counties_radio
BBC - BBC World Service,http://stream.live.vc.bbcmedia.co.uk/bbc_world_service
Bygderadio Vest,http://radio.bygderadiovest.no:8000/radio
KUOW,https://playerservices.streamtheworld.com/api/livestream-redirect/KUOWFM_AAC.aac
Radio Norwegian,http://stream.radionorwegian.com:8000/128.ogg
NRK P1 Hedmark og Oppland,http://lyd.nrk.no/nrk_radio_p1_hedmark_og_oppland_aac_h
NRK P1 Finnmark,http://lyd.nrk.no/nrk_radio_p1_finnmark_aac_h
NRK P1 Troms,http://lyd.nrk.no/nrk_radio_p1_troms_aac_h
NRK P1 Nordland,http://lyd.nrk.no/nrk_radio_p1_nordland_aac_h
NRK P1 Tr�ndelag,http://lyd.nrk.no/nrk_radio_p1_trondelag_aac_h
NRK P1 �stfold,http://lyd.nrk.no/nrk_radio_p1_ostfold_aac_h
Radio �lesund,http://stream.jaerradiogruppen.no:8008/;
NRK P1 Hordaland,http://lyd.nrk.no/nrk_radio_p1_hordaland_aac_h
NRK P1 Sogn og Fjordane,http://lyd.nrk.no/nrk_radio_p1_sogn_og_fjordane_aac_h
NRK P1 M�re og Romsdal,http://lyd.nrk.no/nrk_radio_p1_more_og_romsdal_aac_h
NRK P1 Rogaland,http://lyd.nrk.no/nrk_radio_p1_rogaland_aac_h
NRK P1 Buskerud,http://lyd.nrk.no/nrk_radio_p1_buskerud_aac_h
ANR,http://stream.anr.dk/nordjyske
Radio Nordkapp,http://live.radionordkapp.no/
Radio Alta,http://stream02.nordavis.no:80/radioalta-128k
1431AM,http://1431am.org:8000/1431ogg
Barcelona City FM,https://s2.radio.co/sd9da54aa0/listen
Radio Brume,http://ice1.impek.com/radiobrume
WBUR,https://icecast-stream.wbur.org/
Midlar,http://stream.midlar.fo/ras2-128
Radio Moreeni,http://moreenistream1.uta.fi:8080/moreeni.mp3
Radio Aktywne,http://listen.radioaktywne.pl:8000/qa
Danmarks Radio Nyheder,http://live-icy.gss.dr.dk:80/A/A02L.mp3
Danmarks Radio P1,http://live-icy.gss.dr.dk:80/A/A03L.mp3
Danmarks Radio P2,http://live-icy.gss.dr.dk:80/A/A04L.mp3
Danmarks Radio P3,http://live-icy.gss.dr.dk:80/A/A05L.mp3
Sveriges Radio P1,http://http-live.sr.se/p1-mp3-192
Sveriges Radio P2,http://http-live.sr.se/p2-mp3-192
Sveriges Radio P3,http://http-live.sr.se/p3-mp3-192
Sveriges Radio P4,http://http-live.sr.se/p4stockholm-mp3-192
Hawaii Public Radio,http://khpr-ice.streamguys1.com:80/khpr2
WFUV,http://wfuv-onair.streamguys.org/onair-hi
Radio Free Brooklyn,http://192.111.140.6:9300/stream
NASA's Third Rock Radio,http://rfcmedia2.streamguys1.com/thirdrock.mp3
KCED - Centralia College's Radio,http://134.39.125.251:88/broadwavehigh.mp3
Pirate FM,http://str1.sad.ukrd.com:80/pirate
BBC Radio 5 Live,http://bbcmedia.ic.llnwd.net/stream/bbcmedia_radio5live_mf_p
Middle East Broadcasting Center FM,http://mbcwanasatv-live-v4.hls.adaptive.level3.net/egress/bhandler/mbc/mbcfm4/manifest.m3u8
CIUT,http://128.100.197.46:80/
KSLU,http://147.174.55.27:7998/
Radio K,http://128.101.73.38:8256/
Blur FM,https://live.radiovague.com:8443/blurfm01
Urgent.fm,http://195.10.10.201/urgent/high.mp3?GKID=af6fd868859111e6bffa00163e914f69
U Radio,http://shout.kalsedia.com:9996/uradio996_64
Radio Uchile,http://stream3.rbm.cl:8010/playerweb.aac
Radio USP,http://flow.emm.usp.br:8007/radiousp-48.ogg
Studentradioen i Bergen,http://radio.srib.no:8888/srib.mp3
Narvik Studentradio,http://stream.sysrq.no:8000/00-nsr.ogg
Campus & City Radio,http://www.cr944.at:8000/cr944-high
Radio Universidad,http://dns921.no-ip.biz:8000/
Stockholm College Radio,http://radiostreamone.mine.nu:80
WUMR,http://141.225.64.25:88/broadwave.mp3?src=1&rate=1&ref=
Radio Revolt,http://streamer.radiorevolt.no:8000/revolt.aac
DCUfm,http://dcufm.redbrick.dcu.ie/stream128.mp3
Universitetsradioen,http://netradio.universitetsradioen.dk:8000/live64.ogg
UWSRadio,http://icecast.commedia.org.uk:8000/ucaradio.mp3
Radio AF,http://live.radioaf.se:8000/;stream/1
Radio Eco,http://listen.radioeco.it:8000/outdoor.ogg
KTUH FM,http://stream.ktuh.org:8000/stream-mp3
NRK Sport,http://nrk-mms-live.telenorcdn.net:80/nrk_radio_sport_aac_h
NRK P1,http://lyd.nrk.no/nrk_radio_p1_ostlandssendingen_aac_h
NRK P1 Vestfold,http://nrk-mms-live.telenorcdn.net:80/nrk_radio_p1_vestfold_aac_l
NRK P1 Telemark,http://nrk-mms-live.telenorcdn.net:80/nrk_radio_p1_telemark_aac_l
NRK P1 S�rlandet,http://nrk-mms-live.telenorcdn.net:80/nrk_radio_p1_sorlandet_aac_l
NRK P2,http://lyd.nrk.no/nrk_radio_p2_aac_h
NRK P3,http://lyd.nrk.no/nrk_radio_p3_aac_h
NRK P13,http://lyd.nrk.no/nrk_radio_p13_aac_h
NRK Ur�rt,http://lyd.nrk.no/nrk_radio_p3_urort_aac_h
NRK Jazz,http://lyd.nrk.no/nrk_radio_jazz_aac_h
NRK Klassisk,http://lyd.nrk.no/nrk_radio_klassisk_aac_h
NRK S�pmi,http://nrk-mms-live.telenorcdn.net:80/nrk_radio_sami_aac_h
UCT Radio,http://edge.iono.fm/xice/uctradio_live_medium.aac
CFRC,http://stream.cfrc.ca:8000
CHUO,http://icecast1.isiglobal.ca:8000/chuo
radiOrakel,https://stream.radiorakel.no/fm993.mp3
KXSC,http://68.181.136.188:8000
WPTS,http://audio.wpts.pitt.edu:8000/wpts_live_256s.mp3
Arizona State University,http://184.154.90.186:8006/stream
radiowaterloo,http://192.240.102.133:7703/stream
Radio NRJ Bern,http://energybern.ice.infomaniak.ch/energybern-high.mp3
KCSN,http://130.166.82.184:8000/
KVRX,http://tstv-stream.tsm.utexas.edu:8000/kvrx_livestream
KSUB,http://lin1.san.fast-serv.com:6014
WRVU,http://129.59.202.68:8200/
WHPK,http://www.whpk.org:8000/stream
WUSB,http://stream.wusb.stonybrook.edu:8080/
COOG,http://coogradio.uh.edu:8000/coogradio
WVUA-FM,http://ice8.securenetsystems.net/WVUA
University Radio York,http://dolby.ury.york.ac.uk:7070/live-mobile
EPER,http://radio.elte.hu:8000/eper97
Fuse FM,http://studio.fusefm.co.uk:8000/livehi
CJSW,http://stream.cjsw.com:80/cjsw.mp3
Caper Radio,http://142.12.32.15:8000/stream
WXOU,http://wxou.oakland.edu:8000/
WAMU,http://wamu-1.streamguys.com/
C-SPAN,https://18123.live.streamtheworld.com/CSPANRADIO.mp3
KPSU,https://streamer.radio.co/scad0cc067/listen
95bFM,http://streams.95bfm.com/stream95
2NURFM,https://broadcaster1.newcastle.edu.au:8443/aacplus2
Radio Adelaide,https://cast-1.nucleusstreaming.com:4443/5uv_live_128.aacp
Radio R,http://radior.video.muni.cz:8000/FSS_ogg-q0.ogg
Radio Radius,http://relay.radio.ethz.ch:80/sender.ogg
University Radio Nottingham,http://posurnl.nottingham.ac.uk:8080/urn_high.mp3
Coimbra University Radio,http://ruc.midi-club.net:8000/;stream/1
Radio Campus Bruxelles,http://streamer.radiocampus.be:8000/stream_hi.ogg
France Culture,http://direct.franceculture.fr/live/franceculture-midfi.mp3
France Info,http://direct.franceinfo.fr/live/franceinfo-midfi.mp3
France Inter,http://direct.franceinter.fr/live/franceinter-midfi.mp3
Radio Campus Paris,http://www.radiocampusparis.org:8000/stream_rcp
WCSB,http://198.154.112.233:8367/
Oxford Student Radio,http://109.74.196.76/proxy/oxideradio?mp=/stream
Cam FM,http://stream.camfm.co.uk/camfm
Radio UNAM,http://server1.usatelk.com:27547/;
WXYC,http://152.46.7.128:8000/wxyc.ogg
KALX,http://stream.kalx.berkeley.edu:8000/kalx-128.aac
WTBU,http://wtbu.bu.edu:1800/listen
WHRB,http://stream.whrb.org:8000/whrb-mp3
Radio NOVA,http://stream.radionova.no:80/mp3
WWNO,https://tektite.streamguys1.com:5145/wwnolive
KTRU,http://128.42.128.26:80/live
NRK Radio Alltid Nyheter,http://lyd.nrk.no/nrk_radio_alltid_nyheter_aac_h
WKCR,http://wkcr.streamguys1.com:80/live
KZSU,http://171.66.118.51:80/kzsu-1-128.mp3
KEXP,http://live-mp3-128.kexp.org:80/kexp128.mp3
WMBR,http://wmbr.org:8000/hi
WNYC,http://fm939.wnyc.org/wnycfm
SomaFM DEF CON,http://ice2.somafm.com/defcon-128-aac
SomaFM Dub Step Beyond,http://ice6.somafm.com/dubstep-128-aac
SomaFM The Trip,http://ice6.somafm.com/thetrip-128-aac
SomaFM Groove Salad,http://ice6.somafm.com/groovesalad-128-aac
